symbol,shortName,exchange,sector,industry,eodprice,regularMarketPrice,pct_1w,pct_1m,rel_volume,revenueGrowth,earningsQuarterlyGrowth,pegRatio,trailingPE,score_raw,score_norm,rank,pct_1w_n,pct_1m_n,rel_volume_n,revenueGrowth_n,earningsQuarterlyGrowth_n,rec_n,insider_n,valuation_n
MX,Magnachip Semiconductor Corpora,NYQ,Technology,Semiconductors,8.34,8.93,31.5169,150.8427,4.0404,0.0330,,1.1300,,0.771780,1.000000,1,0.989394,0.958556,1.000000,0.253691,0.500000,0.500000,0.500000,0.725557
VSH,"Vishay Intertechnology, Inc.",NYQ,Technology,Semiconductors,62.49,63.97,22.4541,109.2574,2.9728,0.1730,,1.3500,6397.0005,0.639686,0.761446,2,0.815444,0.752435,0.708648,0.295872,0.500000,0.500000,0.500000,0.470727
SVCO,"Silvaco Group, Inc.",NMS,Technology,Software - Application,12.17,12.68,31.1272,9.4047,3.4220,0.2600,,,,0.619623,0.725212,3,0.981914,0.257506,0.831237,0.322085,0.500000,0.500000,0.500000,0.500000
PENG,"Penguin Solutions, Inc.",NMS,Technology,Information Technology Services,70.65,71.41,32.0695,120.4012,1.4824,-0.0620,3.6340,0.2807,102.0143,0.604239,0.697429,4,1.000000,0.807670,0.301913,0.225068,0.069752,0.500000,0.500000,0.986258
OKTA,"Okta, Inc.",NMS,Technology,Software - Infrastructure,135.32,124.65,31.5984,61.3801,1.5004,0.1120,0.1940,1.2800,90.3261,0.550212,0.599860,5,0.990958,0.515127,0.306825,0.277493,0.017407,0.500000,0.500000,0.965232
MU,"Micron Technology, Inc.",NMS,Technology,Semiconductors,1064.1,1079.57,16.8973,87.2790,0.8262,1.9630,7.7080,0.3700,51.0194,0.545761,0.591822,6,0.708789,0.643497,0.122834,0.835191,0.131743,0.500000,0.500000,0.988284
SNDK,Sandisk Corporation,NMS,Technology,Computer Hardware,1716.36,1831.5,11.5653,45.8363,0.7408,2.5100,,,62.5085,0.525944,0.556033,7,0.606448,0.438082,0.099528,1.000000,0.500000,0.500000,0.500000,0.745143
NTAP,"NetApp, Inc.",NMS,Technology,Software - Infrastructure,175.64,181.08,27.1629,63.2234,1.2293,0.1250,0.1880,1.9300,28.4717,0.517099,0.540060,8,0.905824,0.524263,0.232841,0.281410,0.017316,0.500000,0.500000,0.955796
RXT,"Rackspace Technology, Inc.",NMS,Technology,Software - Infrastructure,5.45,5.21,7.4227,159.2040,0.6598,0.0190,,4.9300,,0.508356,0.524270,9,0.526936,1.000000,0.077423,0.249473,0.500000,0.500000,0.500000,0.642126
SMCI,"Super Micro Computer, Inc.",NMS,Technology,Computer Hardware,50.17,47.42,14.8184,69.8424,1.2254,1.2270,3.4440,0.9100,24.9579,0.501980,0.512756,10,0.668887,0.557071,0.231777,0.613438,0.066860,0.500000,0.500000,0.978465
PD,"PagerDuty, Inc.",NYQ,Technology,Software - Application,10.14,9.3,25.0000,25.3369,0.9644,0.0100,,,4.4928,0.498756,0.506934,11,0.864310,0.336475,0.160549,0.246761,0.500000,0.500000,0.500000,0.749678
SAIL,"SailPoint, Inc.",NMS,Technology,Software - Infrastructure,19.84,18.38,11.0574,51.2757,2.2105,0.2270,,,,0.498333,0.506169,12,0.596699,0.465043,0.500614,0.312142,0.500000,0.500000,0.500000,0.500000
TENB,"Tenable Holdings, Inc.",NMS,Technology,Software - Infrastructure,30.9,29.69,14.4123,42.5348,1.8325,0.0960,,0.9900,,0.495213,0.500535,13,0.661092,0.421718,0.397457,0.272672,0.500000,0.500000,0.500000,0.728631
OCTVV,Octave Intelligence plc,NMS,Technology,Software - Application,,17.48,14.6628,-10.9745,,,,,15.2000,0.492086,0.494888,14,0.665900,0.156494,0.500000,0.500000,0.500000,0.500000,0.500000,0.748841
PANW,"Palo Alto Networks, Inc.",NMS,Technology,Software - Infrastructure,297.18,280.43,8.7908,51.9452,1.7641,0.3110,,4.9800,243.8522,0.482672,0.477887,15,0.553195,0.468362,0.378790,0.337451,0.500000,0.500000,0.500000,0.871996
NTSK,"Netskope, Inc.",NMS,Technology,Software - Infrastructure,12.09,12.4,7.5455,20.1550,2.8492,0.3220,,,,0.481274,0.475361,16,0.529293,0.310790,0.674917,0.340765,0.500000,0.500000,0.500000,0.500000
ZETA,Zeta Global Holdings Corp.,NYQ,Technology,Software - Infrastructure,25.25,23.27,15.3122,26.0563,1.3654,0.4990,,0.7700,,0.480942,0.474763,17,0.678365,0.340041,0.269983,0.394095,0.500000,0.500000,0.500000,0.733461
RAMP,"LiveRamp Holdings, Inc.",NYQ,Technology,Software - Infrastructure,37.58,37.4,-0.5054,23.3916,3.5563,0.0920,,0.5900,16.7713,0.476107,0.466031,18,0.374766,0.326833,0.867887,0.271467,0.500000,0.500000,0.500000,0.986131
VPG,"Vishay Precision Group, Inc.",NYQ,Technology,Scientific & Technical Instruments,132.93,129.93,3.7365,116.4418,0.9381,0.1760,,7.2200,288.7333,0.472778,0.460018,19,0.456184,0.788045,0.153372,0.296776,0.500000,0.500000,0.500000,0.819307
UIS,Unisys Corporation New,NYQ,Technology,Information Technology Services,4.62,4.22,8.4833,55.1470,1.8077,0.0130,,0.6300,,0.470823,0.456487,20,0.547292,0.484232,0.390689,0.247665,0.500000,0.500000,0.500000,0.736535
RBRK,"Rubrik, Inc.",NYQ,Technology,Software - Infrastructure,82.33,79.46,12.9977,37.1655,1.3603,0.4630,,,,0.469901,0.454822,21,0.633941,0.395105,0.268592,0.383248,0.500000,0.500000,0.500000,0.500000
TWLO,Twilio Inc.,NYQ,Technology,Software - Infrastructure,229.3,227.26,23.1094,19.8186,1.2815,0.2000,3.5030,0.4300,344.3333,0.466729,0.449095,22,0.828022,0.309123,0.247087,0.304007,0.067758,0.500000,0.500000,0.964039
OCTV,Octave Intelligence plc,NMS,Technology,Software - Application,25.11,19.74,15.7771,-10.1093,1.2268,,,,17.1652,0.458666,0.434533,23,0.687288,0.160783,0.232159,0.500000,0.500000,0.500000,0.500000,0.748687
P,"Everpure, Inc.",NYQ,Technology,Computer Hardware,82.98,80.84,10.6791,11.1203,1.2352,,,1.7600,122.4848,0.456657,0.430906,24,0.589438,0.266009,0.234451,0.500000,0.500000,0.500000,0.500000,0.952180
NET,"Cloudflare, Inc.",NYQ,Technology,Software - Infrastructure,272.66,265.33,16.3167,18.3611,0.8809,0.3350,,2.3800,,0.452652,0.423672,25,0.697645,0.301899,0.137762,0.344682,0.500000,0.500000,0.500000,0.698112
TTAN,"ServiceTitan, Inc.",NMS,Technology,Software - Application,75.01,72.63,10.3967,13.8044,1.9404,0.2140,,,,0.449824,0.418565,26,0.584018,0.279313,0.426903,0.308225,0.500000,0.500000,0.500000,0.500000
PDFS,"PDF Solutions, Inc.",NMS,Technology,Software - Application,55.48,55.14,12.6916,24.1892,1.0377,0.2590,,4.1900,306.3333,0.447631,0.414604,27,0.628065,0.330786,0.180553,0.321784,0.500000,0.500000,0.500000,0.884457
NOK,Nokia Corporation Sponsored,NYQ,Technology,Communication Equipment,16.85,16.73,9.4895,27.3211,1.5392,0.0240,,1.6000,104.5625,0.447428,0.414237,28,0.566605,0.346310,0.317414,0.250979,0.500000,0.500000,0.500000,0.957093
NSIT,"Insight Enterprises, Inc.",NMS,Technology,Electronics & Computer Distribution,119.7,115.6,11.8205,64.0182,1.4485,0.0120,2.9940,1.0600,20.6429,0.445103,0.410039,29,0.611346,0.528203,0.292662,0.247364,0.060013,0.500000,0.500000,0.975509
STM,STMicroelectronics N.V.,NYQ,Technology,Semiconductors,79.51,79.71,14.7732,44.5855,1.3935,0.2300,-0.3390,0.5700,498.1875,0.443395,0.406955,30,0.668019,0.431883,0.277652,0.313046,0.009297,0.500000,0.500000,0.948939
SIMO,Silicon Motion Technology Corpo,NMS,Technology,Semiconductors,301.27,306.57,8.5434,35.2338,1.4328,1.0550,2.4320,0.7000,60.5870,0.438165,0.397510,31,0.548446,0.385530,0.288377,0.561615,0.051462,0.500000,0.500000,0.980291
RMBS,"Rambus, Inc.",NMS,Technology,Semiconductors,166.78,170.66,15.2952,53.0583,1.0431,0.0810,-0.0070,3.8000,81.2667,0.433385,0.388876,32,0.678038,0.473879,0.182027,0.268153,0.014349,0.500000,0.500000,0.910612
SNOW,Snowflake Inc.,NYQ,Technology,Software - Application,261.14,241.28,0.8696,67.3116,1.3908,0.3350,,6.2300,,0.431645,0.385735,33,0.401157,0.544527,0.276915,0.344682,0.500000,0.500000,0.500000,0.613584
TEL,TE Connectivity plc,NYQ,Technology,Electronic Components,214.73,218.39,3.8321,6.7976,0.8984,0.1450,64.7690,0.9900,22.3303,0.427451,0.378160,34,0.458018,0.244583,0.142537,0.287436,1.000000,0.500000,0.500000,0.976914
SMWB,Similarweb Ltd.,NYQ,Technology,Software - Application,4.38,4.31,2.8640,42.7152,1.8480,0.1010,,,,0.427267,0.377828,35,0.439437,0.422612,0.401687,0.274179,0.500000,0.500000,0.500000,0.500000
ON,ON Semiconductor Corporation,NMS,Technology,Semiconductors,128.64,133.93,8.2088,31.2524,0.9717,0.0470,,0.4300,97.7591,0.422440,0.369110,36,0.542024,0.365796,0.162541,0.257909,0.500000,0.500000,0.500000,0.983313
OUST,"Ouster, Inc.",NMS,Technology,Electronic Components,46.03,43.96,3.8507,56.1634,0.9293,0.4890,,,,0.420989,0.366490,37,0.458375,0.489269,0.150970,0.391082,0.500000,0.500000,0.500000,0.500000
WDC,Western Digital Corporation,NMS,Technology,Computer Hardware,563.1,594.11,11.8472,34.3046,0.9986,0.4550,5.1630,0.5000,35.5968,0.419970,0.364651,38,0.611858,0.380924,0.169882,0.380838,0.093017,0.500000,0.500000,0.986635
SEDG,"SolarEdge Technologies, Inc.",NMS,Technology,Solar,78.51,74.02,1.1340,78.2755,0.6302,0.4150,,4.6100,,0.415672,0.356889,39,0.406232,0.598870,0.069345,0.368786,0.500000,0.500000,0.500000,0.649152
SANM,Sanmina Corporation,NMS,Technology,Electronic Components,278.36,282.72,7.4042,30.5625,1.1672,1.0230,0.4580,1.0900,59.8983,0.412587,0.351317,40,0.526580,0.362376,0.215894,0.551973,0.021425,0.500000,0.500000,0.971782
PONY,Pony AI Inc.,NMS,Technology,Information Technology Services,10.83,10.37,4.1165,-0.2885,1.0297,1.4500,,,,0.410907,0.348283,41,0.463477,0.209460,0.178370,0.680627,0.500000,0.500000,0.500000,0.500000
NAVN,"Navan, Inc.",NMS,Technology,Software - Application,22.87,22.16,9.0015,20.8288,0.7759,0.3480,,,,0.405768,0.339003,42,0.557239,0.314130,0.109107,0.348599,0.500000,0.500000,0.500000,0.500000
MTLS,Materialise NV,NMS,Technology,Software - Application,6.89,6.61,2.0062,18.8849,1.6219,-0.0020,,1.2600,33.0500,0.402521,0.333138,43,0.422973,0.304495,0.339983,0.243146,0.500000,0.500000,0.500000,0.970148
UCTT,"Ultra Clean Holdings, Inc.",NMS,Technology,Semiconductor Equipment & Materials,90.21,92.55,6.0259,26.5901,1.0337,0.0290,,1.0900,,0.400729,0.329903,44,0.500126,0.342687,0.179461,0.252486,0.500000,0.500000,0.500000,0.726435
ZS,"Zscaler, Inc.",NMS,Technology,Software - Infrastructure,144.15,134.37,3.3297,-5.5063,1.8705,0.2540,,1.5700,,0.399677,0.328002,45,0.448376,0.183598,0.407827,0.320277,0.500000,0.500000,0.500000,0.715896
ORCL,Oracle Corporation,NYQ,Technology,Software - Infrastructure,244.58,230.33,13.0731,27.7553,0.8495,0.2170,0.2670,1.4600,41.3519,0.397911,0.324813,46,0.635388,0.348462,0.129192,0.309129,0.018518,0.500000,0.500000,0.965108
SNX,TD SYNNEX Corporation,NYQ,Technology,Electronics & Computer Distribution,279.33,279.25,13.4148,22.5641,0.8737,0.1810,0.9510,1.7000,23.2515,0.395730,0.320875,47,0.641946,0.322731,0.135797,0.298283,0.028926,0.500000,0.500000,0.961254
TEAM,Atlassian Corporation,NMS,Technology,Software - Application,109.1,101.53,8.8327,8.9845,0.6645,0.3170,,0.7800,,0.395610,0.320657,48,0.553999,0.255423,0.078705,0.339259,0.500000,0.500000,0.500000,0.733241
PTRN,Pattern Group Inc. - Series A,NMS,Technology,Software - Application,20.45,19.88,5.7447,45.9618,1.4003,0.4320,0.2810,,,0.391159,0.312619,49,0.494728,0.438704,0.279508,0.373908,0.018731,0.500000,0.500000,0.500000
NOW,"ServiceNow, Inc.",NYQ,Technology,Software - Application,127.65,117.9,8.4337,28.1940,1.2769,0.2210,0.0200,1.2400,70.5988,0.390710,0.311809,50,0.546340,0.350636,0.245831,0.310334,0.014760,0.500000,0.500000,0.967652
TER,"Teradyne, Inc.",NMS,Technology,Semiconductor Equipment & Materials,392.62,409.67,7.0613,21.4511,0.9147,0.8700,3.0340,1.5500,75.7246,0.390327,0.311116,51,0.519999,0.317215,0.146986,0.505875,0.060622,0.500000,0.500000,0.960445
WK,Workiva Inc.,NYQ,Technology,Software - Application,51.94,49.84,7.0217,-11.9123,1.2826,0.1990,,,207.6667,0.388286,0.307430,52,0.519239,0.151846,0.247387,0.303706,0.500000,0.500000,0.500000,0.733796
QLYS,"Qualys, Inc.",NMS,Technology,Software - Infrastructure,113.42,111.61,11.1986,20.6725,1.1714,0.0980,0.0650,4.3800,20.0377,0.388212,0.307297,53,0.599409,0.313355,0.217040,0.273275,0.015445,0.500000,0.500000,0.902664
WDAY,"Workday, Inc.",NMS,Technology,Software - Application,148.88,146.9,12.9913,14.8643,0.8569,0.1350,2.2650,0.5900,45.6211,0.386912,0.304949,54,0.633818,0.284567,0.131212,0.284423,0.048920,0.500000,0.500000,0.983876
VRNS,"Varonis Systems, Inc.",NMS,Technology,Software - Infrastructure,35.88,33.51,5.3442,22.2546,0.7533,0.2690,,7.3800,,0.386254,0.303760,55,0.487041,0.321197,0.102939,0.324797,0.500000,0.500000,0.500000,0.588335
SAIC,Science Applications Internatio,NMS,Technology,Information Technology Services,113.36,114.73,10.6365,18.4493,1.2005,0.0150,0.6910,0.1868,12.9055,0.385129,0.301730,56,0.588620,0.302336,0.224982,0.248268,0.024970,0.500000,0.500000,0.995285
VYX,NCR Voyix Corporation,NYQ,Technology,Information Technology Services,7.27,7.15,5.4572,-0.5563,1.1701,-0.0100,,2.6800,25.5357,0.384021,0.299728,57,0.489210,0.208133,0.216685,0.240735,0.500000,0.500000,0.500000,0.939559
WOLF,"Wolfspeed, Inc.",NYQ,Technology,Semiconductors,61.06,61.67,-5.1960,71.5915,1.3770,-0.1900,,,,0.379912,0.292307,58,0.284735,0.565740,0.273149,0.186502,0.500000,0.500000,0.500000,0.500000
VIA,"Via Transportation, Inc.",NYQ,Technology,Software - Application,15.44,15.11,4.2069,-10.2732,1.4930,0.2920,,,,0.379582,0.291712,59,0.465212,0.159970,0.304806,0.331726,0.500000,0.500000,0.500000,0.500000
TDC,Teradata Corporation,NYQ,Technology,Software - Infrastructure,36.51,34.97,10.5596,19.2701,0.8785,0.0620,6.6140,6.0000,8.0023,0.379161,0.290952,60,0.587144,0.306404,0.137107,0.262428,0.115096,0.500000,0.500000,0.868037
ST,Sensata Technologies Holding pl,NYQ,Technology,Scientific & Technical Instruments,53.13,53.55,6.2922,30.5489,1.2979,0.0260,0.2460,0.3200,162.2727,0.375847,0.284966,61,0.505237,0.362309,0.251562,0.251582,0.018199,0.500000,0.500000,0.980685
PLXS,Plexus Corp.,NMS,Technology,Electronic Components,280.12,287.55,7.3388,9.5220,1.4640,0.1870,0.2750,2.0900,42.1628,0.374492,0.282519,62,0.525325,0.258087,0.296892,0.300090,0.018640,0.500000,0.500000,0.951213
NTNX,"Nutanix, Inc.",NMS,Technology,Software - Infrastructure,55.49,53.04,8.6663,21.2897,1.0604,0.1000,0.1380,1.2200,55.8316,0.372790,0.279447,63,0.550805,0.316415,0.186748,0.273878,0.016555,0.500000,0.500000,0.969246
SYNA,Synaptics Incorporated,NMS,Technology,Semiconductors,146.04,144.98,1.2006,43.8294,0.5188,0.1040,,0.5100,,0.372194,0.278369,64,0.407510,0.428135,0.038943,0.275083,0.500000,0.500000,0.500000,0.739169
STX,Seagate Technology Holdings PLC,NMS,Technology,Computer Hardware,926.61,940.69,6.8092,27.3716,0.7380,0.4410,1.2000,0.6400,89.2495,0.369287,0.273120,65,0.515160,0.346560,0.098764,0.376619,0.032715,0.500000,0.500000,0.979368
RNG,"Ringcentral, Inc.",NYQ,Technology,Software - Application,46.37,43.97,5.2013,-6.7994,0.8194,0.0530,,0.2600,46.7766,0.366541,0.268161,66,0.484299,0.177188,0.120978,0.259717,0.500000,0.500000,0.500000,0.991031
PATH,"UiPath, Inc.",NYQ,Technology,Software - Infrastructure,12.18,11.67,0.7772,7.7562,0.9777,0.1730,,0.4200,19.4500,0.366529,0.268138,67,0.399383,0.249335,0.164179,0.295872,0.500000,0.500000,0.500000,0.989654
RBBN,Ribbon Communications Inc.,NMS,Technology,Software - Application,3.34,3.12,1.2987,16.8539,0.9471,-0.1030,,0.5700,18.3529,0.366120,0.267401,68,0.409393,0.294428,0.155828,0.212715,0.500000,0.500000,0.500000,0.986446
VTEX,VTEX,NYQ,Technology,Software - Application,3.87,3.91,4.8257,2.6247,1.5587,0.1210,3.7330,0.0806,30.0769,0.362936,0.261650,69,0.477089,0.223900,0.322736,0.280205,0.071258,0.500000,0.500000,0.996275
ROG,Rogers Corporation,NYQ,Technology,Electronic Components,154.22,148.0,2.1112,9.6296,0.9401,0.0520,,0.5200,,0.361934,0.259841,70,0.424988,0.258620,0.153918,0.259415,0.500000,0.500000,0.500000,0.738950
NXT,Nextpower Inc.,NMS,Technology,Solar,152.22,146.47,6.7799,25.2630,1.1585,-0.0470,-0.0390,5.5000,38.1432,0.361851,0.259691,71,0.514598,0.336109,0.213520,0.229587,0.013862,0.500000,0.500000,0.876659
VECO,Veeco Instruments Inc.,NMS,Technology,Semiconductor Equipment & Materials,61.01,60.46,2.2493,18.7120,0.6316,-0.0540,,0.8100,159.1053,0.361255,0.258615,72,0.427639,0.303638,0.069727,0.227478,0.500000,0.500000,0.500000,0.970175
QCOM,QUALCOMM Incorporated,NMS,Technology,Semiconductors,240.84,250.01,2.7621,48.4796,0.9848,-0.0350,1.6210,1.0500,26.8828,0.359779,0.255949,73,0.437481,0.451184,0.166116,0.233203,0.039121,0.500000,0.500000,0.975241
NABL,"N-able, Inc.",NYQ,Technology,Information Technology Services,4.17,3.79,9.8551,-31.3406,0.7819,0.1310,,,,0.356211,0.249504,74,0.573622,0.055548,0.110744,0.283218,0.500000,0.500000,0.500000,0.500000
NOVT,Novanta Inc.,NMS,Technology,Scientific & Technical Instruments,168.59,166.94,4.7763,32.4080,1.0737,0.1040,-0.0050,,120.1007,0.355418,0.248072,75,0.476141,0.371524,0.190377,0.275083,0.014379,0.500000,0.500000,0.740641
MXL,"MaxLinear, Inc",NMS,Technology,Semiconductors,88.76,91.39,-6.5160,16.9867,1.3268,0.4300,,0.3900,,0.351716,0.241387,76,0.259400,0.295086,0.259449,0.373305,0.500000,0.500000,0.500000,0.741804
VIAV,Viavi Solutions Inc.,NMS,Technology,Communication Equipment,52.88,52.42,8.1048,-0.1334,0.9546,0.4280,-0.6720,1.3400,,0.349506,0.237396,77,0.540028,0.210229,0.157875,0.372703,0.004230,0.500000,0.500000,0.720946
NTCT,"NetScout Systems, Inc.",NMS,Technology,Software - Infrastructure,43.43,42.3,1.9277,20.4785,1.4996,-0.0100,-0.0200,1.6400,32.5385,0.349391,0.237189,78,0.421466,0.312394,0.306607,0.240735,0.014151,0.500000,0.500000,0.961845
SRAD,Sportradar Group AG,NMS,Technology,Software - Application,13.68,13.46,3.1418,3.3794,0.5542,0.1130,,,51.7692,0.348516,0.235608,79,0.444769,0.227641,0.048604,0.277795,0.500000,0.500000,0.500000,0.745982
NTGR,"NETGEAR, Inc.",NMS,Technology,Communication Equipment,27.25,26.19,1.8670,5.9895,0.7611,-0.0200,,0.7400,,0.347299,0.233410,80,0.420301,0.240578,0.105068,0.237722,0.500000,0.500000,0.500000,0.734120
ONTO,Onto Innovation Inc.,NYQ,Technology,Semiconductor Equipment & Materials,278.02,279.98,8.1798,-6.5331,1.1253,0.0950,-0.4730,1.3000,129.6204,0.346673,0.232280,81,0.541467,0.178508,0.204459,0.272371,0.007258,0.500000,0.500000,0.961721
MTSI,MACOM Technology Solutions Hold,NMS,Technology,Semiconductors,382.35,390.34,-0.1918,33.8064,1.1969,0.2250,0.4630,2.0500,166.8120,0.346147,0.231329,82,0.380785,0.378455,0.223999,0.311540,0.021501,0.500000,0.500000,0.942348
UMC,United Microelectronics Corpora,NYQ,Technology,Semiconductors,22.46,21.42,-5.5556,65.0231,1.3084,0.0550,1.0790,1.6000,34.0000,0.345135,0.229501,83,0.277833,0.533183,0.254428,0.260319,0.030874,0.500000,0.500000,0.962609
SLAB,"Silicon Laboratories, Inc.",NMS,Technology,Semiconductors,218.75,219.13,0.3297,0.9816,0.8478,0.2010,,3.1200,,0.344541,0.228429,84,0.390794,0.215756,0.128729,0.304309,0.500000,0.500000,0.500000,0.681865
NIQ,NIQ Global Intelligence plc,NYQ,,,8.43,8.22,-1.4388,-21.4900,1.1028,,,,,0.343453,0.226465,85,0.356850,0.104373,0.198319,0.500000,0.500000,0.500000,0.500000,0.500000
PCOR,"Procore Technologies, Inc.",NYQ,Technology,Software - Application,52.7,50.65,6.5419,-18.4380,0.5965,0.1570,,,,0.343267,0.226128,86,0.510030,0.119501,0.060148,0.291052,0.500000,0.500000,0.500000,0.500000
TTMI,"TTM Technologies, Inc.",NMS,Technology,Electronic Components,179.62,189.6,0.9638,20.4039,1.1528,0.3040,0.5530,0.3600,103.0435,0.342850,0.225376,87,0.402965,0.312024,0.211964,0.335342,0.022870,0.500000,0.500000,0.984437
OTEX,Open Text Corporation,NMS,Technology,Software - Application,24.79,23.69,1.6302,2.3326,1.7013,0.0220,0.8600,1.0200,11.5000,0.342813,0.225309,88,0.415756,0.222452,0.361652,0.250377,0.027542,0.500000,0.500000,0.977102
NVDA,NVIDIA Corporation,NMS,Technology,Semiconductors,222.82,214.75,0.2334,8.1973,0.9599,0.8520,2.1060,0.6600,32.8867,0.342281,0.224348,89,0.388946,0.251521,0.159321,0.500452,0.046501,0.500000,0.500000,0.983334
SSYS,"Stratasys, Ltd.",NMS,Technology,Computer Hardware,10.5,9.85,-1.6966,12.7002,0.9849,-0.0250,,2.0600,,0.342245,0.224284,90,0.351902,0.273840,0.166144,0.236216,0.500000,0.500000,0.500000,0.705138
SMTC,Semtech Corporation,NMS,Technology,Semiconductors,166.63,163.5,-1.7014,52.6611,1.0938,0.1590,0.3730,1.2100,,0.341556,0.223038,91,0.351810,0.471910,0.195863,0.291654,0.020131,0.500000,0.500000,0.723800
PICS,PicS N.V.,NMS,Technology,Software - Infrastructure,11.17,9.03,-15.5285,-22.4893,3.8307,0.7020,1.0200,0.0500,5.1017,0.341103,0.222221,92,0.086416,0.099420,0.942772,0.455258,0.029976,0.500000,0.500000,0.998899
VNET,"VNET Group, Inc.",NMS,Technology,Information Technology Services,10.78,10.33,-2.7307,21.9599,0.5999,0.1980,,0.4500,,0.338312,0.217181,93,0.332054,0.319737,0.061076,0.303405,0.500000,0.500000,0.500000,0.740487
SONO,"Sonos, Inc.",NMS,Technology,Consumer Electronics,16.47,15.72,-0.8202,5.7162,0.8004,0.0840,,,92.4706,0.338243,0.217055,94,0.368723,0.239223,0.115793,0.269057,0.500000,0.500000,0.500000,0.742801
SABR,Sabre Corporation,NMS,Technology,Software - Infrastructure,1.88,1.84,10.1796,-1.6043,0.7298,0.0830,-0.7700,1.6800,,0.337295,0.215344,95,0.579851,0.202938,0.096526,0.268756,0.002739,0.500000,0.500000,0.713481
WLTH,Wealthfront Corporation,NMS,Technology,Software - Application,12.31,11.76,-1.5075,3.1579,0.9657,0.1630,,,,0.334605,0.210486,96,0.355532,0.226543,0.160904,0.292859,0.500000,0.500000,0.500000,0.500000
RSKD,Riskified Ltd.,NYQ,Technology,Software - Application,4.97,4.8,0.6289,-0.8264,0.8121,0.0710,,,,0.332918,0.207439,97,0.396537,0.206794,0.118986,0.265140,0.500000,0.500000,0.500000,0.500000
OOMA,"Ooma, Inc.",NYQ,Technology,Software - Application,17.65,16.88,-5.0084,-5.6983,1.2795,0.2480,,,51.1515,0.331189,0.204316,98,0.288336,0.182646,0.246541,0.318469,0.500000,0.500000,0.500000,0.746030
SHOP,Shopify Inc.,NMS,Technology,Software - Application,116.9886,112.94,-1.8169,-11.4543,0.7428,0.3430,,2.1000,110.7255,0.330658,0.203358,99,0.349593,0.154116,0.100074,0.347092,0.500000,0.500000,0.500000,0.945634
SNPS,"Synopsys, Inc.",NMS,Technology,Software - Infrastructure,508.35,498.02,3.6160,0.1045,0.9001,0.4190,-0.9500,3.2300,113.7032,0.328604,0.199649,100,0.453871,0.211408,0.143001,0.369991,0.000000,0.500000,0.500000,0.920591
WIX,Wix.com Ltd.,NMS,Technology,Software - Infrastructure,57.07,55.075,4.6059,-30.9318,0.5840,0.1430,,0.1300,,0.328123,0.198779,101,0.472871,0.057574,0.056737,0.286833,0.500000,0.500000,0.500000,0.747512
TSM,Taiwan Semiconductor Manufactur,NYQ,Technology,Semiconductors,446.69,436.69,2.7845,8.7348,0.7482,0.3510,0.5830,1.3500,37.1651,0.326909,0.196587,102,0.437911,0.254185,0.101547,0.349503,0.023327,0.500000,0.500000,0.967850
SCSC,"ScanSource, Inc.",NMS,Technology,Electronics & Computer Distribution,48.08,45.87,0.1091,11.1461,1.2671,0.0880,-0.0310,0.7000,13.9422,0.325963,0.194879,103,0.386560,0.266137,0.243157,0.270262,0.013984,0.500000,0.500000,0.983937
NVMI,Nova Ltd.,NMS,Technology,Semiconductor Equipment & Materials,523.13,530.04,4.7572,7.6682,0.6914,0.1030,0.0680,1.4600,66.6717,0.324342,0.191952,104,0.475775,0.248898,0.086046,0.274782,0.015490,0.500000,0.500000,0.963129
PLTR,Palantir Technologies Inc.,NMS,Technology,Software - Infrastructure,152.17,142.2,-0.7953,-2.6228,0.8887,0.8470,3.0670,2.1800,158.0000,0.324171,0.191643,105,0.369201,0.197890,0.139890,0.498945,0.061124,0.500000,0.500000,0.940182
ZBRA,Zebra Technologies Corporation,NMS,Technology,Communication Equipment,254.44,249.3,0.5647,11.4290,1.0948,0.1430,-0.0070,0.5300,30.1087,0.323710,0.190810,106,0.395305,0.267539,0.196136,0.286833,0.014349,0.500000,0.500000,0.986406
SPSC,"SPS Commerce, Inc.",NMS,Technology,Software - Application,57.8,55.55,3.7930,-5.1076,1.1661,0.0580,-0.1110,4.5500,23.0498,0.323362,0.190181,107,0.457268,0.185574,0.215594,0.261223,0.012766,0.500000,0.500000,0.898696
XYZ,"Block, Inc.",NYQ,Technology,Software - Infrastructure,74.15,69.8,-6.1197,-2.9207,1.1628,0.0490,,0.7800,54.5313,0.322712,0.189007,108,0.267006,0.196414,0.214693,0.258512,0.500000,0.500000,0.500000,0.979008
VLN,Valens Semiconductor Ltd.,NYQ,Technology,Semiconductors,3.31,3.22,-8.0000,43.1111,0.7866,0.0020,,,,0.322206,0.188094,109,0.230916,0.424575,0.112027,0.244351,0.500000,0.500000,0.500000,0.500000
SSNC,"SS&C Technologies Holdings, Inc",NMS,Technology,Software - Application,68.22,67.97,3.2263,-1.4258,0.9905,0.0880,0.0620,0.7100,21.1087,0.320294,0.184642,110,0.446391,0.203823,0.167672,0.270262,0.015399,0.500000,0.500000,0.983157
PTC,PTC Inc.,NMS,Technology,Software - Application,142.34,139.72,0.6701,1.1072,1.0669,0.2170,2.6320,1.3300,13.4217,0.320128,0.184342,111,0.397328,0.216378,0.188522,0.309129,0.054505,0.500000,0.500000,0.970145
PRGS,Progress Software Corporation,NMS,Technology,Software - Infrastructure,34.05,31.96,4.6496,8.9669,0.5751,0.0410,1.0840,1.0600,16.3897,0.319848,0.183835,112,0.473709,0.255336,0.054308,0.256101,0.030950,0.500000,0.500000,0.975841
ZM,"Zoom Communications, Inc.",NMS,Technology,Software - Application,111.88,106.2,5.7137,-0.4033,0.6785,0.0550,0.6720,4.2100,15.6637,0.319245,0.182747,113,0.494133,0.208891,0.082526,0.260319,0.024681,0.500000,0.500000,0.906738
PAYX,"Paychex, Inc.",NMS,Technology,Software - Application,100.79,98.45,3.0782,7.8247,0.6622,0.1990,0.0790,1.7700,21.7329,0.317652,0.179870,114,0.443548,0.249674,0.078078,0.303706,0.015658,0.500000,0.500000,0.959835
RAL,Ralliant Corporation,NYQ,Technology,Electronic Components,61.99,62.66,0.5133,37.5631,0.7630,0.1100,-0.3080,,,0.316924,0.178556,115,0.394318,0.397075,0.105586,0.276891,0.009769,0.500000,0.500000,0.500000
SAP,SAP  SE,NYQ,Technology,Software - Application,190.82,180.67,2.9693,7.2283,0.7694,0.0600,0.0850,1.5700,24.8857,0.316031,0.176942,116,0.441458,0.246718,0.107333,0.261826,0.015749,0.500000,0.500000,0.963980
SONY,Sony Group Corporation,NYQ,Technology,Consumer Electronics,22.79,22.2,2.2100,13.0346,0.6798,0.1540,-0.5810,2.0600,20.7477,0.315535,0.176046,117,0.426884,0.275497,0.082881,0.290148,0.005615,0.500000,0.500000,0.953545
NICE,NICE Ltd,NMS,Technology,Software - Application,97.05,94.91,4.7109,-23.5768,1.1433,0.0980,-0.6380,0.7300,11.2586,0.314072,0.173403,118,0.474886,0.094030,0.209372,0.273275,0.004747,0.500000,0.500000,0.983488
PSN,Parsons Corporation,NYQ,Technology,Information Technology Services,60.84,59.95,1.9038,19.8521,0.8316,-0.0410,-0.2010,,28.6842,0.313541,0.172445,119,0.421007,0.309289,0.124308,0.231395,0.011397,0.500000,0.500000,0.747787
PSFE,Paysafe Limited,NYQ,Technology,Software - Infrastructure,7.45,7.23,-5.4902,-20.4620,1.5230,0.1040,,,,0.312808,0.171122,120,0.279089,0.109468,0.312993,0.275083,0.500000,0.500000,0.500000,0.500000
U,Unity Software Inc.,NYQ,Technology,Software - Application,30.77,29.22,-2.4048,5.4113,0.4881,0.1680,,,,0.312423,0.170427,121,0.338309,0.237712,0.030565,0.294366,0.500000,0.500000,0.500000,0.500000
QBTS,D-Wave Quantum Inc.,NYQ,Technology,Computer Hardware,29.91,27.55,-6.5785,31.6922,1.2913,-0.8090,,,,0.310996,0.167849,122,0.258200,0.367976,0.249761,0.000000,0.500000,0.500000,0.500000,0.500000
VICR,Vicor Corporation,NMS,Technology,Electronic Components,332.95,330.48,-3.3938,31.6549,0.5258,0.2020,7.1390,0.1559,111.2727,0.310252,0.166505,123,0.319326,0.367791,0.040854,0.304610,0.123085,0.500000,0.500000,0.988275
NCNO,"nCino, Inc.",NMS,Technology,Software - Application,16.63,15.88,0.1893,-11.7287,1.2714,0.1060,1.4530,0.9108,132.3333,0.308654,0.163619,124,0.388099,0.152756,0.244330,0.275685,0.036565,0.500000,0.500000,0.970054
RDWR,Radware Ltd.,NMS,Technology,Software - Infrastructure,31.55,29.77,1.2930,9.3280,1.0027,0.1070,-0.1840,22.7900,67.6591,0.305658,0.158210,125,0.409284,0.257125,0.171001,0.275987,0.011656,0.500000,0.500000,0.494740
UBER,"Uber Technologies, Inc.",NYQ,Technology,Software - Application,71.62,71.69,1.0857,-3.0299,1.0036,0.1450,-0.8520,5.8100,17.7891,0.305214,0.157407,126,0.405305,0.195872,0.171247,0.287436,0.001491,0.500000,0.500000,0.871443
ROP,"Roper Technologies, Inc.",NMS,Technology,Software - Application,336.5,331.7,3.7373,-6.6239,0.6182,0.1130,0.5370,1.3800,20.7054,0.304349,0.155845,127,0.456199,0.178058,0.066070,0.277795,0.022627,0.500000,0.500000,0.968478
TOST,"Toast, Inc.",NYQ,Technology,Software - Infrastructure,26.35,25.07,0.4407,-14.7569,1.0894,0.2190,1.2500,0.2300,37.4179,0.304301,0.155758,128,0.392925,0.137746,0.194662,0.309732,0.033476,0.500000,0.500000,0.992421
SWKS,"Skyworks Solutions, Inc.",NMS,Technology,Semiconductors,79.12,80.66,-0.9213,18.1712,0.8285,-0.0100,-0.4820,1.7100,33.6083,0.303798,0.154850,129,0.366783,0.300958,0.123462,0.240735,0.007121,0.500000,0.500000,0.960224
WEX,WEX Inc.,NYQ,Technology,Software - Infrastructure,148.35,145.87,1.0320,-5.3898,0.9600,0.0580,0.0870,0.8400,16.4268,0.302595,0.152678,130,0.404274,0.184175,0.159348,0.261223,0.015779,0.500000,0.500000,0.980669
XPER,Xperi Inc.,NYQ,Technology,Software - Application,7.99,7.48,-6.6167,7.3171,0.9060,0.0020,,,,0.302593,0.152674,131,0.257467,0.247158,0.144612,0.244351,0.500000,0.500000,0.500000,0.500000
VISN,"Vistance Networks, Inc.",NMS,Technology,Communication Equipment,12.44,12.21,-1.2935,-1.2136,0.8474,0.2160,6.0260,2.9400,17.9559,0.302577,0.152645,132,0.359639,0.204875,0.128619,0.308828,0.106149,0.500000,0.500000,0.934443
YMM,Full Truck Alliance Co. Ltd.,NYQ,Technology,Software - Application,9.51,9.09,2.7119,5.4524,0.6749,0.0550,-0.2190,,15.4068,0.302097,0.151777,133,0.436518,0.237916,0.081544,0.260319,0.011123,0.500000,0.500000,0.748825
PCTY,Paylocity Holding Corporation,NMS,Technology,Software - Application,117.84,112.82,1.7496,3.4761,0.6027,0.1050,0.2160,0.8900,24.1068,0.301580,0.150845,134,0.418047,0.228120,0.061840,0.275384,0.017742,0.500000,0.500000,0.978971
PEGA,Pegasystems Inc.,NMS,Technology,Software - Application,36.61,35.11,3.7530,-4.5665,0.7759,-0.0960,-0.6160,4.2100,18.9784,0.301554,0.150797,135,0.456500,0.188256,0.109107,0.214824,0.005082,0.500000,0.500000,0.906479
XNET,Xunlei Limited,NMS,Technology,Software - Infrastructure,5.41,4.98,-16.0202,-20.0642,1.9080,0.5390,,2.5800,0.3686,0.301372,0.150468,136,0.076978,0.111440,0.418061,0.406146,0.500000,0.500000,0.500000,0.943721
TXN,Texas Instruments Incorporated,NMS,Technology,Semiconductors,308.12,308.59,-2.3295,10.4197,0.9040,0.1860,0.3100,1.4700,52.6604,0.300810,0.149453,137,0.339754,0.262536,0.144066,0.299789,0.019173,0.500000,0.500000,0.964005
S,"SentinelOne, Inc.",NYQ,Technology,Software - Infrastructure,17.35,16.3,-9.5450,4.4872,1.1187,0.2080,,,,0.300486,0.148868,138,0.201262,0.233131,0.202658,0.306418,0.500000,0.500000,0.500000,0.500000
PAR,PAR Technology Corporation,NYQ,Technology,Software - Application,15.29,14.17,-7.8074,-1.1165,0.8370,0.1940,,0.7700,,0.299791,0.147613,139,0.234613,0.205356,0.125781,0.302199,0.500000,0.500000,0.500000,0.733461
Q,"Qnity Electronics, Inc.",NYQ,Technology,Semiconductor Equipment & Materials,155.74,155.0,-2.4421,9.9376,0.9286,0.1760,-0.2180,2.6100,50.0000,0.298872,0.145954,140,0.337593,0.260147,0.150779,0.296776,0.011138,0.500000,0.500000,0.939183
TRMB,Trimble Inc.,NMS,Technology,Scientific & Technical Instruments,57.74,55.52,1.0925,-18.9726,1.1142,0.1180,0.4830,3.2200,29.0681,0.298289,0.144901,141,0.405435,0.116851,0.201430,0.279301,0.021805,0.500000,0.500000,0.927427
POWI,"Power Integrations, Inc.",NMS,Technology,Semiconductors,84.19,84.99,-2.1473,16.9532,0.8552,0.0260,-0.6250,1.5100,283.3000,0.297846,0.144100,142,0.343251,0.294920,0.130748,0.251582,0.004945,0.500000,0.500000,0.945098
TYL,"Tyler Technologies, Inc.",NYQ,Technology,Software - Application,313.56,303.77,-0.7417,-7.1749,1.0915,0.0860,0.0020,1.4700,42.0152,0.297261,0.143045,143,0.370230,0.175327,0.195235,0.269660,0.014486,0.500000,0.500000,0.964837
QRVO,"Qorvo, Inc.",NMS,Technology,Semiconductors,102.74,104.73,-1.5880,13.1849,0.8818,-0.0700,-0.0520,1.0300,28.9309,0.296892,0.142378,144,0.353986,0.276242,0.138007,0.222657,0.013664,0.500000,0.500000,0.975520
NXPI,NXP Semiconductors N.V.,NMS,Technology,Semiconductors,323.62,321.88,-2.5433,10.7030,0.8308,0.1220,1.2900,0.8300,30.7725,0.296567,0.141791,145,0.335651,0.263941,0.124089,0.280506,0.034085,0.500000,0.500000,0.979767
VRSN,"VeriSign, Inc.",NMS,Technology,Software - Infrastructure,297.41,297.08,0.3174,8.6523,0.5848,0.0660,0.0760,3.5900,32.7903,0.294347,0.137782,146,0.390558,0.253776,0.056955,0.263634,0.015612,0.500000,0.500000,0.919012
PLAB,"Photronics, Inc.",NMS,Technology,Semiconductor Equipment & Materials,33.14,32.11,-5.6143,-35.1051,2.2631,-0.0050,2.5470,2.6400,11.8487,0.293998,0.137153,147,0.276707,0.036888,0.514969,0.242242,0.053211,0.500000,0.500000,0.941507
PAYC,"Paycom Software, Inc.",NYQ,Technology,Software - Application,144.23,137.79,0.7237,4.4891,0.5532,0.0780,0.1170,1.0400,15.9479,0.293738,0.136682,148,0.398357,0.233141,0.048331,0.267249,0.016236,0.500000,0.500000,0.976315
STNE,StoneCo Ltd.,NMS,Technology,Software - Infrastructure,11.24,10.64,-6.0900,-1.8450,1.5048,0.0430,2.3170,0.0167,3.8691,0.293207,0.135723,149,0.267576,0.201745,0.308026,0.256704,0.049712,0.500000,0.500000,0.999726
RUN,Sunrun Inc.,NMS,Technology,Solar,15.25,14.85,-6.5450,16.9291,0.8287,0.4320,2.3520,3.0700,6.9718,0.291934,0.133425,150,0.258843,0.294801,0.123516,0.373908,0.050244,0.500000,0.500000,0.932447
RELY,"Remitly Global, Inc.",NMS,Technology,Software - Infrastructure,20.07,19.73,-1.3500,-17.0311,0.9602,0.2520,3.3210,0.1238,41.1042,0.291765,0.133119,151,0.358555,0.126474,0.159403,0.319675,0.064989,0.500000,0.500000,0.994464
TSEM,Tower Semiconductor Ltd.,NMS,Technology,Semiconductors,274.71,267.91,-2.7550,24.5745,0.3999,0.1550,0.6200,7.7200,123.4608,0.285584,0.121957,152,0.331587,0.332696,0.006495,0.290449,0.023890,0.500000,0.500000,0.821248
TDY,Teledyne Technologies Incorpora,NYQ,Technology,Scientific & Technical Instruments,618.81,618.02,-2.5297,-3.0678,0.9125,0.0760,0.2030,1.4000,31.3557,0.284005,0.119104,153,0.335912,0.195684,0.146385,0.266647,0.017544,0.500000,0.500000,0.967207
YOU,"Clear Secure, Inc.",NYQ,Technology,Software - Application,56.78,56.08,-1.1283,-0.2668,0.5262,0.1970,0.5270,0.8513,44.8640,0.283419,0.118047,154,0.362810,0.209568,0.040963,0.303103,0.022474,0.500000,0.500000,0.978198
QTWO,"Q2 Holdings, Inc.",NYQ,Technology,Software - Application,48.88,45.42,0.6203,-15.1504,0.5988,0.1410,4.6050,8.3500,40.1947,0.281762,0.115054,155,0.396372,0.135796,0.060776,0.286231,0.084527,0.500000,0.500000,0.813925
PLUS,ePlus inc.,NMS,Technology,Software - Application,84.36,80.39,-9.3175,-6.0755,1.6808,0.2170,0.1490,0.8500,17.0679,0.281704,0.114949,156,0.205628,0.180776,0.356057,0.309129,0.016723,0.500000,0.500000,0.980399
VNT,Vontier Corporation,NYQ,Technology,Scientific & Technical Instruments,28.39,28.47,-1.4538,-18.1661,1.0758,0.0130,0.0730,0.8500,10.0601,0.280938,0.113565,157,0.356562,0.120848,0.190951,0.247665,0.015566,0.500000,0.500000,0.980947
VSAT,"ViaSat, Inc.",NMS,Technology,Communication Equipment,72.61,69.62,-19.6909,9.0881,1.8249,0.0210,,0.2600,,0.279551,0.111062,158,0.006524,0.255936,0.395382,0.250075,0.500000,0.500000,0.500000,0.744658
NATL,NCR Atleos Corporation,NYQ,Technology,Software - Application,44.32,44.08,-2.6287,0.0908,0.7042,0.0650,0.5710,0.3446,19.6786,0.278648,0.109431,159,0.334012,0.211340,0.089540,0.263332,0.023144,0.500000,0.500000,0.991291
YEXT,"Yext, Inc.",NYQ,Technology,Software - Infrastructure,4.21,3.83,-4.7264,-7.0388,1.1231,-0.0140,2.4090,0.1987,47.8750,0.278132,0.108499,160,0.293749,0.176002,0.203859,0.239530,0.051112,0.500000,0.500000,0.992291
PAY,"Paymentus Holdings, Inc.",NYQ,Technology,Software - Infrastructure,22.35,21.11,-9.2043,-26.2404,1.7936,0.3020,0.5120,0.7233,37.0351,0.272601,0.098510,161,0.207801,0.080827,0.386841,0.334739,0.022246,0.500000,0.500000,0.981620
TUYA,Tuya Inc.,NYQ,Technology,Software - Infrastructure,2.09,1.99,-3.8647,-17.0833,0.9799,0.0830,0.4320,0.4606,19.9000,0.268332,0.090800,162,0.310288,0.126215,0.164779,0.268756,0.021029,0.500000,0.500000,0.988727
PI,"Impinj, Inc.",NMS,Technology,Semiconductors,143.26,137.76,-12.1877,-3.7854,0.9318,-0.0000,,,,0.263731,0.082492,163,0.150538,0.192128,0.151652,0.243748,0.500000,0.500000,0.500000,0.500000
TTGT,"TechTarget, Inc.",NMS,Technology,Information Technology Services,4.76,4.16,-7.1429,-29.7297,0.7792,0.0210,,,,0.262209,0.079742,164,0.247367,0.063532,0.110007,0.250075,0.500000,0.500000,0.500000,0.500000
PAGS,PagSeguro Digital Ltd.,NYQ,Technology,Software - Infrastructure,9.22,8.77,-6.0021,-10.0513,0.9981,0.0150,0.0390,1.5508,6.0483,0.260121,0.075972,165,0.269263,0.161070,0.169746,0.248268,0.015049,0.500000,0.500000,0.965874
OLED,Universal Display Corporation,NMS,Technology,Electronic Components,93.79,90.84,-3.5157,-5.9238,0.6575,-0.1450,-0.4430,1.0000,20.2316,0.257035,0.070399,166,0.316987,0.181528,0.076795,0.200060,0.007715,0.500000,0.500000,0.976859
UPBD,"Upbound Group, Inc.",NMS,Technology,Software - Application,18.61,17.89,-7.8785,-3.1926,0.9789,0.0370,0.4440,1.3900,12.4236,0.256873,0.070106,167,0.233248,0.195066,0.164506,0.254896,0.021212,0.500000,0.500000,0.968906
TSAT,Telesat Corporation,NMS,Technology,Communication Equipment,50.14,46.79,-20.0308,-3.7639,1.8942,-0.2540,,,,0.251813,0.060967,168,0.000000,0.192234,0.414295,0.167219,0.500000,0.500000,0.500000,0.500000
UI,Ubiquiti Inc.,NYQ,Technology,Communication Equipment,588.57,576.13,-3.1731,-42.5474,0.8936,0.1870,0.2960,1.1000,37.0264,0.248889,0.055687,169,0.323562,0.000000,0.141228,0.300090,0.018960,0.500000,0.500000,0.973350
TASK,"TaskUs, Inc.",NMS,Technology,Information Technology Services,6.47,5.86,-7.1315,-8.5803,0.7161,0.1030,0.1510,0.3434,5.1858,0.247970,0.054027,170,0.247586,0.168361,0.092787,0.274782,0.016753,0.500000,0.500000,0.992451
YALA,Yalla Group Limited,NYQ,Technology,Software - Application,5.65,5.53,-6.9024,-17.5857,0.9794,-0.0580,-0.2200,0.5900,7.0000,0.245393,0.049373,171,0.251983,0.123725,0.164643,0.226273,0.011108,0.500000,0.500000,0.986895
OSIS,"OSI Systems, Inc.",NMS,Technology,Electronic Components,212.01,213.48,-3.4726,-24.5307,0.5250,0.0200,-0.0220,1.5500,24.3977,0.241476,0.042300,172,0.317814,0.089301,0.040635,0.249774,0.014121,0.500000,0.500000,0.964457
MSTR,Strategy Inc,NMS,Technology,Software - Application,136.08,126.545,-16.5458,-31.1480,1.1504,0.1190,,2.8500,,0.234782,0.030211,173,0.066890,0.056502,0.211309,0.279602,0.500000,0.500000,0.500000,0.687793
WSE,Wise Group plc,NMS,Technology,Information Technology Services,11.54,10.72,-14.0337,-30.3896,1.5568,0.0920,-0.1390,4.4000,21.4400,0.222283,0.007638,174,0.115107,0.060261,0.322217,0.271467,0.012340,0.500000,0.500000,0.902115
PAYP,PayPay Corporation - American D,NMS,Technology,Software - Infrastructure,18.7,17.05,-13.5834,-19.4995,0.9859,0.2910,0.3950,1.8100,15.2232,0.220777,0.004919,175,0.123750,0.114239,0.166417,0.331425,0.020466,0.500000,0.500000,0.959466
WIT,Wipro Limited,NYQ,Technology,Information Technology Services,2.21,2.13,-12.3457,7.0352,0.3761,0.0770,-0.0190,1.3800,16.3846,0.218053,0.000000,176,0.147506,0.245761,0.000000,0.266948,0.014166,0.500000,0.500000,0.968816
